CREATE DATABASE  IF NOT EXISTS `daishu` /*!40100 DEFAULT CHARACTER SET utf8 */;
USE `daishu`;
-- MySQL dump 10.13  Distrib 5.6.13, for Win32 (x86)
--
-- Host: localhost    Database: daishu
-- ------------------------------------------------------
-- Server version	5.7.3-m13

/*!40101 SET @OLD_CHARACTER_SET_CLIENT=@@CHARACTER_SET_CLIENT */;
/*!40101 SET @OLD_CHARACTER_SET_RESULTS=@@CHARACTER_SET_RESULTS */;
/*!40101 SET @OLD_COLLATION_CONNECTION=@@COLLATION_CONNECTION */;
/*!40101 SET NAMES utf8 */;
/*!40103 SET @OLD_TIME_ZONE=@@TIME_ZONE */;
/*!40103 SET TIME_ZONE='+00:00' */;
/*!40014 SET @OLD_UNIQUE_CHECKS=@@UNIQUE_CHECKS, UNIQUE_CHECKS=0 */;
/*!40014 SET @OLD_FOREIGN_KEY_CHECKS=@@FOREIGN_KEY_CHECKS, FOREIGN_KEY_CHECKS=0 */;
/*!40101 SET @OLD_SQL_MODE=@@SQL_MODE, SQL_MODE='NO_AUTO_VALUE_ON_ZERO' */;
/*!40111 SET @OLD_SQL_NOTES=@@SQL_NOTES, SQL_NOTES=0 */;

--
-- Table structure for table `t_address`
--

DROP TABLE IF EXISTS `t_address`;
/*!40101 SET @saved_cs_client     = @@character_set_client */;
/*!40101 SET character_set_client = utf8 */;
CREATE TABLE `t_address` (
  `id` int(11) NOT NULL AUTO_INCREMENT,
  `customer_id` int(11) DEFAULT NULL,
  `content` varchar(500) DEFAULT NULL,
  PRIMARY KEY (`id`),
  KEY `pk_address_customerid_idx` (`customer_id`),
  CONSTRAINT `pk_address_customerid` FOREIGN KEY (`customer_id`) REFERENCES `t_address` (`id`) ON DELETE NO ACTION ON UPDATE NO ACTION
) ENGINE=InnoDB DEFAULT CHARSET=utf8;
/*!40101 SET character_set_client = @saved_cs_client */;

--
-- Dumping data for table `t_address`
--

LOCK TABLES `t_address` WRITE;
/*!40000 ALTER TABLE `t_address` DISABLE KEYS */;
/*!40000 ALTER TABLE `t_address` ENABLE KEYS */;
UNLOCK TABLES;

--
-- Table structure for table `t_ayi`
--

DROP TABLE IF EXISTS `t_ayi`;
/*!40101 SET @saved_cs_client     = @@character_set_client */;
/*!40101 SET character_set_client = utf8 */;
CREATE TABLE `t_ayi` (
  `id` int(11) NOT NULL AUTO_INCREMENT,
  `name` varchar(45) DEFAULT NULL,
  `phone` varchar(45) DEFAULT NULL,
  `card_no` varchar(45) DEFAULT NULL,
  `card_place` varchar(45) DEFAULT NULL,
  `address` varchar(45) DEFAULT NULL,
  `job_no` varchar(45) DEFAULT NULL,
  `birthday` timestamp NULL DEFAULT NULL,
  PRIMARY KEY (`id`)
) ENGINE=InnoDB AUTO_INCREMENT=6 DEFAULT CHARSET=utf8;
/*!40101 SET character_set_client = @saved_cs_client */;

--
-- Dumping data for table `t_ayi`
--

LOCK TABLES `t_ayi` WRITE;
/*!40000 ALTER TABLE `t_ayi` DISABLE KEYS */;
INSERT INTO `t_ayi` VALUES (1,'1','15828059647','12','1','1','1001','2016-03-19 16:00:00'),(5,'5','15828059647','5','5','5','1005','2016-03-14 16:00:00');
/*!40000 ALTER TABLE `t_ayi` ENABLE KEYS */;
UNLOCK TABLES;

--
-- Table structure for table `t_banner`
--

DROP TABLE IF EXISTS `t_banner`;
/*!40101 SET @saved_cs_client     = @@character_set_client */;
/*!40101 SET character_set_client = utf8 */;
CREATE TABLE `t_banner` (
  `id` int(11) NOT NULL AUTO_INCREMENT,
  `title` varchar(45) DEFAULT NULL,
  `description` varchar(255) DEFAULT NULL,
  `url` varchar(45) DEFAULT NULL,
  `file_id` varchar(32) DEFAULT NULL,
  `user_id` int(11) DEFAULT NULL,
  `create_time` timestamp NULL DEFAULT NULL,
  `status` tinyint(4) DEFAULT '0',
  PRIMARY KEY (`id`),
  KEY `pc_banner_fileid_idx` (`file_id`),
  CONSTRAINT `pc_banner_fileid` FOREIGN KEY (`file_id`) REFERENCES `t_file` (`id`) ON DELETE NO ACTION ON UPDATE NO ACTION
) ENGINE=InnoDB AUTO_INCREMENT=8 DEFAULT CHARSET=utf8;
/*!40101 SET character_set_client = @saved_cs_client */;

--
-- Dumping data for table `t_banner`
--

LOCK TABLES `t_banner` WRITE;
/*!40000 ALTER TABLE `t_banner` DISABLE KEYS */;
INSERT INTO `t_banner` VALUES (6,'测试','','','680a060ada4844c4ba36b220cfc2ce71',7,'2016-03-18 16:36:46',0),(7,'测试','','','59500300aaf349eeb520445377854093',7,'2016-03-19 08:24:30',0);
/*!40000 ALTER TABLE `t_banner` ENABLE KEYS */;
UNLOCK TABLES;

--
-- Table structure for table `t_business`
--

DROP TABLE IF EXISTS `t_business`;
/*!40101 SET @saved_cs_client     = @@character_set_client */;
/*!40101 SET character_set_client = utf8 */;
CREATE TABLE `t_business` (
  `id` int(11) NOT NULL AUTO_INCREMENT,
  `name` varchar(45) DEFAULT NULL,
  `code` varchar(45) DEFAULT NULL,
  `description` mediumtext,
  PRIMARY KEY (`id`)
) ENGINE=InnoDB AUTO_INCREMENT=7 DEFAULT CHARSET=utf8;
/*!40101 SET character_set_client = @saved_cs_client */;

--
-- Dumping data for table `t_business`
--

LOCK TABLES `t_business` WRITE;
/*!40000 ALTER TABLE `t_business` DISABLE KEYS */;
INSERT INTO `t_business` VALUES (5,'常规保洁','changgui','<p>常规保洁常规保洁常规保洁常规保洁常规保洁常规保洁常规保洁常规保洁常规保洁常规保洁常规保洁常规保洁常规保洁常规保洁常规保洁常规保洁常规保洁常规保洁常规保洁常规保洁常规保洁常规保洁常规保洁常规保洁常规保洁常规保洁常规保洁常规保洁常规保洁常规保洁常规保洁常规保洁常规保洁常规保洁常规保洁常规保洁常规保洁常规保洁常规保洁常规保洁常规保洁常规保洁常规保洁常规保洁常规保洁常规保洁常规保洁常规保洁常规保洁常规保洁常规保洁常规保洁常规保洁常规保洁 </p>'),(6,'干洗','ganxi','<p><span style=\"font-weight: bold;\">常规保洁常规保洁常规保洁常规保洁常规保洁常规保洁常规保洁常规保洁常规保洁常规保洁常规保洁常规保洁常规保洁常规保洁常规保洁常规保洁常规保洁常规保洁常规保洁常规保洁常规保洁常规保洁常规保洁常规保洁</span> </p>');
/*!40000 ALTER TABLE `t_business` ENABLE KEYS */;
UNLOCK TABLES;

--
-- Table structure for table `t_customer`
--

DROP TABLE IF EXISTS `t_customer`;
/*!40101 SET @saved_cs_client     = @@character_set_client */;
/*!40101 SET character_set_client = utf8 */;
CREATE TABLE `t_customer` (
  `id` int(11) NOT NULL AUTO_INCREMENT,
  `weixin_name` varchar(45) DEFAULT NULL,
  `last_time` timestamp NULL DEFAULT NULL,
  `first_time` timestamp NULL DEFAULT NULL,
  `address` varchar(225) DEFAULT NULL,
  `phone` varchar(45) DEFAULT NULL,
  `name` varchar(45) DEFAULT NULL,
  `status` tinyint(4) DEFAULT '1',
  `openid` varchar(45) NOT NULL,
  `detail` text NOT NULL,
  PRIMARY KEY (`id`),
  UNIQUE KEY `openid_UNIQUE` (`openid`)
) ENGINE=InnoDB AUTO_INCREMENT=5 DEFAULT CHARSET=utf8;
/*!40101 SET character_set_client = @saved_cs_client */;

--
-- Dumping data for table `t_customer`
--

LOCK TABLES `t_customer` WRITE;
/*!40000 ALTER TABLE `t_customer` DISABLE KEYS */;
INSERT INTO `t_customer` VALUES (4,'蓝色',NULL,NULL,'中国四川成都',NULL,'蓝色',1,'o4rq-w-w4n77ssK9OEgCGsGM-ahs','{\"openid\":\"o4rq-w-w4n77ssK9OEgCGsGM-ahs\",\"nickname\":\"蓝色\",\"sex\":1,\"language\":\"zh_CN\",\"city\":\"成都\",\"province\":\"四川\",\"country\":\"中国\",\"headimgurl\":\"http:\\/\\/wx.qlogo.cn\\/mmopen\\/5qXQKgszXiaBbWZu0Tibic6lzjeRWy6ice8hqJgJ4frV7gajjY3JR7BZWicqg56t6vMNCicmPSBE10dK2KMEgAoszVqhgJiaKKlibh4H\\/0\",\"privilege\":[]}');
/*!40000 ALTER TABLE `t_customer` ENABLE KEYS */;
UNLOCK TABLES;

--
-- Table structure for table `t_file`
--

DROP TABLE IF EXISTS `t_file`;
/*!40101 SET @saved_cs_client     = @@character_set_client */;
/*!40101 SET character_set_client = utf8 */;
CREATE TABLE `t_file` (
  `id` varchar(32) NOT NULL,
  `name` varchar(225) DEFAULT NULL,
  `content_type` varchar(45) DEFAULT NULL,
  `create_time` timestamp NULL DEFAULT NULL,
  PRIMARY KEY (`id`)
) ENGINE=InnoDB DEFAULT CHARSET=utf8;
/*!40101 SET character_set_client = @saved_cs_client */;

--
-- Dumping data for table `t_file`
--

LOCK TABLES `t_file` WRITE;
/*!40000 ALTER TABLE `t_file` DISABLE KEYS */;
INSERT INTO `t_file` VALUES ('0733075f8cbc4147b544776918e94330','new2.png','image/png','2016-03-14 15:33:36'),('0a7d15ff78824eb6a6e214cfa0a5828e','new3.png','image/png','2016-03-14 15:33:46'),('17eef51976f4490fa5c58a7514a41245','新闻图1@2x.png','image/png','2016-03-16 14:56:53'),('2dcbfc47da1447dd8cad037e41ea5032','banner@2x.png','image/png','2016-03-15 15:45:48'),('39c0d3118ad5439b8680e2194b350c52','Desert.jpg','image/jpeg','2016-03-13 08:12:38'),('3e6bb0521c914cadaeb7390d079d8539','new1.png','image/png','2016-03-14 15:17:11'),('59500300aaf349eeb520445377854093','banner@2x.png','image/png','2016-03-19 08:24:30'),('628c026bd1b747308a24e45c7130979f','Desert.jpg','image/jpeg','2016-03-13 07:33:53'),('680a060ada4844c4ba36b220cfc2ce71','banner@2x.png','image/png','2016-03-18 16:36:46'),('6e29fefe1b9d49549e169c457aa4718b','新闻图2@2x.png','image/png','2016-03-16 15:11:04'),('858c0eabb9b0433bb7af1384695d23a8','new4.png','image/png','2016-03-14 15:33:55'),('87573b7b09404f87940c4d758c494672','banner@2x.png','image/png','2016-03-14 15:14:09'),('d5d7e45a130b473ca4488931e5d01176','banner@2x.png','image/png','2016-03-14 15:13:37'),('fddf986a7f22453ab655eac99fb8846b','new1.png','image/png','2016-03-14 15:27:10'),('ff69a3e3549b4bd4bad9d85b7a0f3890','banner@2x.png','image/png','2016-03-14 15:04:28');
/*!40000 ALTER TABLE `t_file` ENABLE KEYS */;
UNLOCK TABLES;

--
-- Table structure for table `t_function`
--

DROP TABLE IF EXISTS `t_function`;
/*!40101 SET @saved_cs_client     = @@character_set_client */;
/*!40101 SET character_set_client = utf8 */;
CREATE TABLE `t_function` (
  `id` int(11) NOT NULL AUTO_INCREMENT,
  `menu_id` int(11) NOT NULL,
  `name` varchar(45) NOT NULL,
  `status` tinyint(4) NOT NULL DEFAULT '0',
  `code` varchar(45) NOT NULL,
  PRIMARY KEY (`id`),
  KEY `pk_function_menuid_idx` (`menu_id`),
  CONSTRAINT `pk_function_menuid` FOREIGN KEY (`menu_id`) REFERENCES `t_menu` (`id`) ON DELETE NO ACTION ON UPDATE NO ACTION
) ENGINE=InnoDB AUTO_INCREMENT=21 DEFAULT CHARSET=utf8;
/*!40101 SET character_set_client = @saved_cs_client */;

--
-- Dumping data for table `t_function`
--

LOCK TABLES `t_function` WRITE;
/*!40000 ALTER TABLE `t_function` DISABLE KEYS */;
INSERT INTO `t_function` VALUES (1,5,'访问',0,'access'),(2,6,'访问',0,'access'),(3,7,'访问',0,'access'),(4,8,'访问',0,'access'),(5,6,'添加',0,'add'),(6,6,'更新',0,'update'),(7,6,'删除',0,'delete'),(8,6,'更新状态',0,'update_status'),(9,6,'分配角色',0,'assign_role'),(10,9,'访问',0,'access'),(11,10,'访问',0,'access'),(12,11,'访问',0,'access'),(13,12,'访问',0,'access'),(14,13,'访问',0,'access'),(15,14,'访问',0,'access'),(16,15,'访问',0,'access'),(17,16,'访问',0,'access'),(18,17,'访问',0,'access'),(19,18,'访问',0,'access'),(20,19,'访问',0,'access');
/*!40000 ALTER TABLE `t_function` ENABLE KEYS */;
UNLOCK TABLES;

--
-- Table structure for table `t_menu`
--

DROP TABLE IF EXISTS `t_menu`;
/*!40101 SET @saved_cs_client     = @@character_set_client */;
/*!40101 SET character_set_client = utf8 */;
CREATE TABLE `t_menu` (
  `id` int(11) NOT NULL AUTO_INCREMENT,
  `name` varchar(45) NOT NULL,
  `code` varchar(45) NOT NULL,
  `url` varchar(45) DEFAULT NULL,
  `icon` varchar(45) DEFAULT NULL,
  `status` tinyint(4) DEFAULT '0',
  `sequence` int(11) DEFAULT '0',
  `parent_id` int(11) DEFAULT NULL,
  PRIMARY KEY (`id`),
  UNIQUE KEY `code_UNIQUE` (`code`),
  KEY `pk_menu_parentid_idx` (`parent_id`),
  CONSTRAINT `pk_menu_parentid` FOREIGN KEY (`parent_id`) REFERENCES `t_menu` (`id`) ON DELETE NO ACTION ON UPDATE NO ACTION
) ENGINE=InnoDB AUTO_INCREMENT=20 DEFAULT CHARSET=utf8;
/*!40101 SET character_set_client = @saved_cs_client */;

--
-- Dumping data for table `t_menu`
--

LOCK TABLES `t_menu` WRITE;
/*!40000 ALTER TABLE `t_menu` DISABLE KEYS */;
INSERT INTO `t_menu` VALUES (5,'系统管理','system','','icon-home',0,0,NULL),(6,'用户管理','user','system/user','icon-home',0,0,5),(7,'角色管理','role','system/role','icon-home',0,0,5),(8,'菜单管理','menu','system/menu','icon-home',0,0,5),(9,'网站管理','website','','icon-home',0,0,NULL),(10,'新闻管理','news','website/news','icon-home',0,0,9),(11,'Banner管理','banner','website/banner','icon-home',0,0,9),(12,'业务类型管理','business','website/business','icon-home',0,0,9),(13,'系统配置','system_config','website/system_config','icon-home',0,0,9),(14,'袋鼠业务','daishu','','icon-home',0,0,NULL),(15,'顾客管理','customer','daishu/customer','icon-home',0,0,14),(16,'保洁人员管理','ayi','daishu/ayi','icon-home',0,0,14),(17,'单位管理','unit','daishu/unit','icon-home',0,0,14),(18,'排期管理','schedule','daishu/schedule','icon-home',0,0,14),(19,'订单管理','order','daishu/order','icon-home',0,0,14);
/*!40000 ALTER TABLE `t_menu` ENABLE KEYS */;
UNLOCK TABLES;

--
-- Table structure for table `t_news`
--

DROP TABLE IF EXISTS `t_news`;
/*!40101 SET @saved_cs_client     = @@character_set_client */;
/*!40101 SET character_set_client = utf8 */;
CREATE TABLE `t_news` (
  `id` int(11) NOT NULL AUTO_INCREMENT,
  `title` varchar(100) DEFAULT NULL,
  `digest` varchar(225) DEFAULT NULL,
  `content` mediumtext,
  `status` tinyint(4) DEFAULT '0',
  `create_time` timestamp NULL DEFAULT NULL,
  `user_id` int(11) DEFAULT NULL,
  `file_id` varchar(32) DEFAULT NULL,
  PRIMARY KEY (`id`),
  KEY `pk_news_fileid_idx` (`file_id`),
  CONSTRAINT `pk_news_fileid` FOREIGN KEY (`file_id`) REFERENCES `t_file` (`id`) ON DELETE NO ACTION ON UPDATE NO ACTION
) ENGINE=InnoDB AUTO_INCREMENT=7 DEFAULT CHARSET=utf8;
/*!40101 SET character_set_client = @saved_cs_client */;

--
-- Dumping data for table `t_news`
--

LOCK TABLES `t_news` WRITE;
/*!40000 ALTER TABLE `t_news` DISABLE KEYS */;
INSERT INTO `t_news` VALUES (5,'家居护理元宵8折优惠抢先发放','家居护理元宵8折优惠抢先发放家居护理元宵8折优惠抢先发放家居护理元宵8折优惠抢先发放家居护理元宵8折优惠抢先发放','<p> 家居护理元宵8折优惠抢先发放家居护理元宵8折优惠抢先发放家居护理元宵8折优惠抢先发放家居护理元宵8折优惠抢先发放家居护理元宵8折优惠抢先发放家居护理元宵8折优惠抢先发放家居护理元宵8折优惠抢先发放家居护理元宵8折优惠抢先发放家居护理元宵8折优惠抢先发放家居护理元宵8折优惠抢先发放家居护理元宵8折优惠抢先发放家居护理元宵8折优惠抢先发放家居护理元宵8折优惠抢先发放家居护理元宵8折优惠抢先发放家居护理元宵8折优惠抢先发放家居护理元宵8折优惠抢先发放家居护理元宵8折优惠抢先发放家居护理元宵8折优惠抢先发放</p>',0,'2016-03-16 14:56:53',7,'17eef51976f4490fa5c58a7514a41245'),(6,'家居护理元宵8折优惠抢先发放','家居护理元宵8折优惠抢先发放','<p><span style=\"font-weight: bold;\">家居护理元宵8折优惠抢先发放家居护理元宵8折优惠抢先发放家居护理元宵8折优惠抢先发放家居护理元宵8折优惠抢先发放</span><img data-filename=\"常规保洁icon@2x.png\" src=\"data:image/png;base64,iVBORw0KGgoAAAANSUhEUgAAAFgAAABYCAYAAABxlTA0AAAACXBIWXMAAAsTAAALEwEAmpwYAAAYTWlDQ1BQaG90b3Nob3AgSUNDIHByb2ZpbGUAAHjarXlnUBRrt/XuMAGGIeecc85BkJxzBkUYYIQhMyRBkSCiiKKCIkFQEREQxUQ8GEDMiAiKmFFEQNGDKCIi8P0QPe97bn0/btV9fnStXr323mvv7uqu7gYQEaQlJMSgnACxcclMTztLSf+AQEnSKCCAATeQQYAWlpRg4e7uDP/f9W0YEACAITVaQkIM/O8WVzg9KQwAcQeA0PCksFgA5CIALhyWwEwGIAwAgExackIyAOErAPAy/QMCAYhkAOCN+IVFAYA39BfWBABeprenFQDRGoDMRqMxIwDY3QFAMjUsIhmAPQGAyB0XzogD4M0DIJqFRdLCAYR7AUA1NjY+HEB4BgAUQ/8jT8R/5Qz9k5NGi/iDf/UCAABka0ZSQgwtHf6vV2xMyu8a0gDAFsm09wQAXgCkPjreyRMA2ACQrrhQVzcA4AZAbjHCAVbx08gUe59V/XRYklUgAPADoBBOs3YCAFEAlD8l2sdiFWvTmAC/9KgrI9nBexWHMuM9V/OjqfQkG6/fOJLu4Lyac2dcjOtvXL2RYesAAJwA6MWMSG+/Xz7R3lSGrysAsAOgA0nRXk6r+pcZkVauvzXMFE8fAJAFQL9uZNp6/tJggrFJv/vC1MNoNl4AIAiAmSdHetv/isX86Un+zr+9hdOtbX55wMLpcT6rnrHkhGRLz9XY/IQY91U9Vk2PsfP8NWfsbFKq1+/YwWSm9+rMsTdRNEf3X/6xbwnJ7t6/vOE4OIMVWIMkpIAkhEI8RAGjf7ptGiRXj9gCDZgQAXRQW2V+R/gBDZgQBzTwggz4CHFAh6Q/cZZAAybQIRXiYOkP+2urBhuBBkxIBTokQTS8AybE4sK4GW6CO+NmuDluhmvjhrjR7zhJjt9ViTZEa6I90Zao9MdHGMRDDMQDExj/k/snkvCO8IDwhvCIMEp4Ak4QA3RIASbQIe5PZ77wFpjA+L0fzMhl/su5JLjAKKSsToUOoRAHU781uDyujevhlrgpboYbgSTOjwuDGq6LG+IW+FrcBNfDjf7LYcofF//M8t/16BD3Xz2u8uzK7HqrLkL/+Lf6o/p3Fqv/mFE4xIPTv5XYTuwCdhPrxm5jXVgbSGJXsHasD7uEtf3HlfAWmBDxp5on0CEOoiEGGL81mqc0pzR//o/qtFUHTKBDEkAyfVMyAIBVfEI6kxERmSxpkZAQQ5d0iAtTV5XU1tTSB/APCJT8dfv44gkIACD89//hojYDGEgAINf+4ejDAJ0vAMis/3Dy2wHYcYDbIWEpzNRfHA4AQABW4ABeEAJxkAFFUANt0AcTMAcbcAQ38IYA2ABhEAmxwIQ02AI5kA+FsA8OQgUcgeNQD6fhPLRBF3TDDbgLA/AInsEojMMHmIFvsIggCAmhIjyIECKByCEqiDZiiJghNogz4okEICFIBBKHpCBbkG1IIVKMVCDHkAbkHNKBdCO3kQfIE+Q1MoXMIj9QDGVDeVExVB7VQA1RC9QJ9UaD0Ag0Ec1A89AitAytQZvQVrQbvYs+QkfRD+gcBhgF48ekMDXMELPC3LBAbCPGxLZiu7BSrAY7g3ViN7EhbBSbxhZwIs6DS+JquAluj/vgYXgivhXfjVfg9Xgr3osP4a/xGXyZQCWIElQIxgQHgj8hgpBGyCeUEuoILYTrhEeEccI3IpHIT1QgGhDtiQHEKOJm4m5iFbGZeJX4gDhGnCORSEIkFZIpyY1EIyWT8knlpCbSFdIgaZz0nUwhS5C1ybbkQHIcOZdcSm4kXyYPkifIiyycLHIsxixuLOEs6Sx7WWpZOlnus4yzLLJysSqwmrJ6s0ax5rCWsZ5hvc76nPULhUKRphhRPCgMSjaljHKWcovymrLAxs2mzGbFtp4tha2I7STbVbYnbF+oVKo81ZwaSE2mFlEbqNeoL6nf2XnY1dkd2MPZs9gr2VvZB9k/cbBwyHFYcGzgyOAo5bjAcZ9jmpOFU57TipPGuZWzkrOD8zHnHBcPlxaXG1cs126uRq7bXJPcJG55bhvucO487uPc17jHeDAeGR4rnjCebTy1PNd5xnmJvAq8DrxRvIW8p3n7eWf4uPl0+Xz5NvFV8l3iG+XH+OX5Hfhj+Pfyn+cf5v8hICZgIUAXKBA4IzAoMC8oImguSBfcJdgs+Ejwh5CkkI1QtNB+oTahF8K4sLKwh3CacLXwdeFpEV4RE5EwkV0i50WeiqKiyqKeoptFj4v2ic6JiYvZiSWIlYtdE5sW5xc3F48SPyB+WXxKgkfCTIIhcUDiisR7ST5JC8kYyTLJXskZKVEpe6kUqWNS/VKL0grSPtK50s3SL2RYZQxlNsockOmRmZGVkHWR3SJ7SvapHIucoVyk3CG5m3Lz8gryfvI75NvkJxUEFRwUMhROKTxXpCquVUxUrFF8qERUMlSKVqpSGlBGlfWUI5Urle+roCr6KgyVKpUHqgRVI9U41RrVx2psahZqqWqn1F6r86s7q+eqt6l/0pDVCNTYr3FTY1lTTzNGs1bzmRa3lqNWrlan1qy2snaYdqX2Qx2qjq1Olk67zmddFV26brXuiB6PnoveDr0evSV9A32m/hn9KQNZgxCDwwaPDXkN3Q13G94yIhhZGmUZdRktGOsbJxufN/7bRM0k2qTRZHKNwhr6mto1Y6bSpjTTY6ajZpJmIWZHzUbXSq2lra1Z+8ZcxjzcvM58wkLJIsqiyeKTpaYl07LFct7K2CrT6qo1Zm1nvcu634bbxsemwualrbRthO0p2xk7PbvNdlftCfZO9vvtHzuIOYQ5NDjMOBo4Zjr2OrE5eTlVOL1xVnZmOne6oC6OLiUuz13lXONc29zAzcGtxO2Fu4J7ovtfHkQPd49Kj3eeWp5bPG968XgFezV6ffO29N7r/cxH0SfFp8eXw3e9b4PvvJ+1X7HfqL+Gf6b/3QDhAEZAeyAp0DewLnBunc26g+vG1+utz18/HKQQtCno9gbhDTEbLgVzBNOCL4QQQvxCGkN+0txoNbS5UIfQw6EzYVZhh8I+hJuHHwifopvSi+kTG003Fm+cjDCNKImYilwbWRo5zbBiVDA+R9lHHYmaj3aLPhm9EuMX0xxLjg2J7YjjjouO640Xj98U/yBBJSE/YTTROPFg4gzTiVmXhCQFJbUn8yYnJPelKKZsT3mdapZamfo9zTftwiauTXGb+tKV0wvSJzJsM05sxjeHbe7ZIrUlZ8vrTIvMY1uRraFbe7JksvKyxrPtsutzWHOic+7lauYW537d5retM08sLztvbLvd9lP57PnM/Mc7THYc2YnvZOzsL9ApKC9Y3hW+606hZmFp4c/dYbvv7NHaU7ZnpWhjUf9e/b3V+4j74vYN71+7v76YqzijeKzEpaT1gOSBXQe+Hgw+eLtUt/TIIdZDKYdGy5zL2stly/eV/6yIrHhUaVnZfFj0cMHh+arwqsFq8+ozR8SOFB75cZRxdOSY3bHWGvma0uPE46nH39X61t48YXiioU64rrBu6WTcydF6z/reBoOGhkbRxr2n0FMpp6aa1jcNnLY+3X5G7cyxZv7mwrNwNuXs+3Mh54bPO53vuWB44cxFuYuHW3hadrUiremtM22RbaPtAe0POhw7ejpNOlv+Uv/rZJdUV+Ulvkt7L7Nezru8ciXjytzVhKvT3RHdYz3BPc+u+V972OvR23/d6fqtG7Y3rt20uHnllumtrtvGtzvuGN5pu6t/t7VPr6/lnt69ln79/tb7BvfbB4wGOh+seXB5cO1g95D10I2HDg/vPnJ99GDYZ3jk8frHoyPhI5NPYp58fpr6dPFZ9nPC810vOF+UvhR9WfNK6VXzqP7opdfWr/veeL15NhY29uFt0tuf43nvqO9KJyQmGia1J7umbKcG3q97P/4h4cPidP5Hro+HPyl+uvi3+d99M/4z45+Zn1dmd38R+nLyq+7Xnjn3uZffYr8tzu/6LvS9fsFw4eYPvx8Ti2k/ST/LlpSWOpedlp+vxK6sJNCYNAAAwAAA3bgRYPYkADUAgGcAgJX91/vX6sIQABQAMKCCJKyBUCiBfoQb8UfqURSNRccwOjaLFxI0CaPEKlIU2ZpFnpWdgrJhVC52FQ4HTibXMe4XvOJ8ofznBXGhEOGrohJiBeKfJYOk7soYy56Q51XIVpxQdlVpVmNXD9O4oLmobaKTpHtEr1f/tcGCEZuxsInyGkNTazPXtYHmkRaplvlWpdb1Np22d+ye2k86zDvhzpwuoq4Kblruxh6Wng5ert6ePj6+fn7+/gEBgYGB6wLXBwYFbvAP9g3xpLmE2oaZhevRlTdKRPBEkiIXGZ+iXkc/jLkZ2xF3Kr4qYU9iOpOWZJEslPwppTv1UFr8Jsd0mfSljMebm7fszAzZapDFnjWe/VdOcW7kNtM8nrzJ7ZfzS3ZE7lxTwF+wVIjvNttzeq/hvvP7l0okDqgcVC/VPKRVplOuW6FXqXdYv8q42vYI/WjZsZHjfLUWJ4Lq4k5m1Oc37G+sPHWiqfl0x5lrzYNnP56XupBwcaBVqS2mvayjtfP+XxNdy5f5r2hd9e0u7pnstb9eeePezde3Zu4Q78r12d0L70+6HzPg88BgUHyIdWjh4dije8NXHneOdD258rT72eXnzS/2v4x5ZTkqNDr7euBNx1j928rxfe+2T6RPxk6FvHf5oDPNPf3h441PtX/nz0R9dp3V/SL9VWku6Nvl75oLB368+im05L9cu7ICAChQQAS0wRMyoAneIQpIPHIVFUFz0VksAfuO7yRIEa4Tk0nqpC/kHpYq1kxKOJs/1YvdnyOUM4WrkLueZ4D3O7+CQJBgidB9Eaqos9hu8X5JqpSH9H6ZATmKvI1CqmKd0gPlr6qcaorquhpGmkZaOtpKOuK6nHqI3lf9cYPHhreMOowbTCrWFJpuNotau87c1cLS0sBK3VrWRtiW045ot2g/4zDuOOLU53zZ5axrjVuJe55HkifNy93bzEfFV9CP4PfZ/3nArcAL646sLwhK2hAUbBOiSuOhfQ99EdYdXkvfuTE6wiVSg8HF+BL1KLo1piw2Pc4/Xj+BO2Eq8QqzJCk8WS+FkDKceiItZZNNOm/6WMb5zdlbXDNFM99v7czakx2V45lrvc00z3i7fr7mDpWdcgUSu4QKuXdT9uB7loq+7f28b3b/QgnpgOBBxVKDQ9Zl7uXrKiIqmYczq3ZUFx85fPTksfaaweMLJ5Tq1p8srG9peNq43CR12uZMZPOes23nPl3Qu7i95UEbtd20g9FZ/tfdrpXLeldirtZ2P7/G1Wt+nXGj8GbjrVu3p+5S+3TuBfbn3m8aeDxIHNJ9GPwob7j2ce/Iu6eszzSee79If1n96ubo/ButMebbC+OzE6qTEVPH37+aFvno/+nw3zOfU7+ozXHPsy6gPz78/GuZsXr+WUEAVMEeouEQ3EGIiB2yHxlDTdFjGBXbjpPwYoI84SoxnMRNuk3eyeLKKsG6QHnI1k49wV7OUcy5l6uYu4LnBG8r3y3+lwILQtzCaiK2ojSxLeKHJM5I9kg9lB6X+Sg7KzcjP6kwotijdEJ5m0qgqoYaojaoXquRpumoJak1r92vU6e7Vc9HX9UANRgxPG2Ua+xromyytGbA9LhZ2lpHcwnzOYs+yxNWW619bdRtCbbP7S7a73IIcdR3ojiNOre4FLgGuWm5E9yfeDR5Znt5ect5f/O55VvhF+1vEkAJeBZ4al3Gevsg/qC3G84FZ4U40QRoY6FnwjLCbelc9Gcb6yISI00YOKM/6lB0SIxSzOfY9rjseNsEloS+xN1MxyRy0vXk3BSzlMXUtrSkTeqbptJrM4I3C29+uKUo034ruvVy1tZs+xyxnMXc0W238s5tr8zP2xG707fAbJd8IbVwbvfzPdeKGvce2JezP62YWZJwIPFgYmniocSyhPK4CkZlyGGvKsdq5yNBR9OPVdVcP/7pBF+dwUnnes8Gj8Z1pzY3XTy92Gx3tuTcqwsqF1Nbutso7V4dZZ3PuqQuxVy+dJWnO6rnWq/I9eQb/bfkb2feedinfC+3f2zA98HwUNjDueGdI8JPTj8zfz78MnvU5Y3X233v5qcOTF//7D3/ZGUF4Nd3OAAAoj7ACVsA3wMAXkYAJ4oA5OoBqGsA3KkA3kaACpUDcikBkPWKf54f4mABobANauE6vEOIiALigEQje5Bm5AHyFRVATdBgdBtaj/ajXzBhzAKLxPZh7dgbnILr4zR8D96BTxD4CDaEFEIdYYTIRrQgphHPECdJ0qRgUjXpJVmaHEk+S15icWY5yvKN1Z31NIVKiaMMshmyHaNSqKnUMXYP9m4ObY5aTiHOfVwsXNu5Ue5cHgJPAS8nbzmfHN8Ffmv+EYF4QbJgrZCV0FvhHSJqIo9Es8RUxZ6LF0lYSyxJdkplSJvJEGTuyx6Wi5Y3VeBWeK/Yq1SjnKtCV3VWM1JX19DQNNPy0Y7R2aZbodeiP2TwzUjM2M4kdU2D6au1QuZ+FuWWr6wVbVJsb9gLO0Q4HnQ65JzqYu6y4trttts9yoPhmed11vutr7Cfl39RQN866nqPoNINIyEcNJ1QuzCf8HB61sZTEZMMraic6KFYxbjs+KeJBszSpO8pfqlNaR/TBTI0N1tuCcjM2tqRzZITmXsvT397zQ6OnVsLJgotduftaSka3ce+37X47AHdg9cPuZbdq7CvvFHlUf396K2ay7Xn6w7VZzQymtadsTjLd+71hdMtWW0bOgL/2nKp7cpCj1Fv7I1dt8rv1PY1918eeDA48Yj82PTJnmdfXwaOtoxRxmkTne/J0wqf4O+qz+KzZV9F51rnYxf0fvz82bocvLICALLgBIlQCl3wBiEj6og3koHUILeRz6gQaolGowfRq+gHjB+zwhKwKqwPW8RV8PV4Ed6NzxGUCTRCGeEBkUK0I24n9pKIJEfSXtIIWZacRL7OIsqSxjLMasR6lMJKSaNMsPmz3aNaUbvYDdlbOfQ5OjjXct7gcuN6wk3nnuXJ5eXlredby/eEP0WAV6BVMFAIFWoSDhBhEekSTRJTFZsUPynBkFSX/CbVLb1XJlhWR45V7q18j0KtYoFSknKIioeqjdoadQMNPU19LWNtSx0X3XV6cfr5BnWG942WTXTXxJueMZs1N7LIsxyyVrDJsn1mb+JQ5bjk7O5S4nrH7aeHume4V7X3U19hv/X+xwLer9Nbvy1oKFguJInWFbocbkrP3NgdycLwjToRPR/rHHc8/mdiALM9WShlS+rTTZrpmzMubf6Rabw1J6s/Rzo3fdvQds38oh2fClx3NRYu7jEv2rK3Zd9csXVJzUGWUuahkXKziuOHyVXx1cNHTY/VHeetLagjnixqEG+82ORyeqx50znK+SMXdVvutIW0z3Xu7BK91HLFrxvtaell3BC92X87+65u3/v+4wPrBrmGrjwKewwjlU+Nnr14seOV9uirN7vfmoxPT1RPub6fm975ceFvh5ntn8/N9n+Z/LryTXBe57v3wpYfjYvvlwyXD66sAIASeEMWNMAQLCNKiDeSjTQhIygR1UVD0f1oNzqLyWC+WAF2CfuCK+EheDk+ROAgOBMKCXeJVKInsZz4hqRGyiTdJ8uTc8ivWexYzrPKslZS+CkH2fjZKqgS1Dp2TfYuDmeOV5wpXBxcTdwu3J95ynmteWf5jvP7ClAEugUzhPSFvgl3iGSJOogJiE2KX5I4KMmU8pDWlRGWxWVn5cbknygMKt5XGlB+pPJS9YPaTw1uTVUtR+0YnRLdy3ofDSQN/YyKjQfX8JkGmTWuXbRwt2y0ZrGJtX1s7+hww8nZecSV4Q4elV5rvN/4FvmvDZhbdy6IGawfMhtaGa5CPx2hHFkXJR/dEKsR15FglziSFJtCTK3ZZJH+avOmTOLWomzenPJt0nmn80123CsIK0R2nypav4+4v7JE/MDBUtKhtLKJisDKoSr/6q9HG2rotaQTu+q+1fs3tJzibUo+PdxsdLb6POFC3MUnrXZtHR2anY1dspcqr7Bfzex+f82vt/eG9s1jt7nv5N2dvxfT/3Yg6MGTIb+Hj4e9H99+ov20+NmHF2Yvi169eK32ZuvYwLjMu00T96Zk3qd+uDq9/Enrb8eZgM8Bs65f1nyVmSPNvfnWOZ/93fT7zELOD+4fRxdZFhMXn/y0/Fn+c3LJYGn70sNlmWXG8unlmRXdlU0rf62sACRt1NEGAACEzRKA8HJl5Ys8AKkYYGn/yspizcrK0nEA7DnA1Zhf/3YAAIicAIevAQDcyBjL/vc/lv8HvYHEaWwAZ+8AADowaVRYdFhNTDpjb20uYWRvYmUueG1wAAAAAAA8P3hwYWNrZXQgYmVnaW49Iu+7vyIgaWQ9Ilc1TTBNcENlaGlIenJlU3pOVGN6a2M5ZCI/Pgo8eDp4bXBtZXRhIHhtbG5zOng9ImFkb2JlOm5zOm1ldGEvIiB4OnhtcHRrPSJBZG9iZSBYTVAgQ29yZSA1LjYtYzA2NyA3OS4xNTc3NDcsIDIwMTUvMDMvMzAtMjM6NDA6NDIgICAgICAgICI+CiAgIDxyZGY6UkRGIHhtbG5zOnJkZj0iaHR0cDovL3d3dy53My5vcmcvMTk5OS8wMi8yMi1yZGYtc3ludGF4LW5zIyI+CiAgICAgIDxyZGY6RGVzY3JpcHRpb24gcmRmOmFib3V0PSIiCiAgICAgICAgICAgIHhtbG5zOnhtcD0iaHR0cDovL25zLmFkb2JlLmNvbS94YXAvMS4wLyIKICAgICAgICAgICAgeG1sbnM6eG1wTU09Imh0dHA6Ly9ucy5hZG9iZS5jb20veGFwLzEuMC9tbS8iCiAgICAgICAgICAgIHhtbG5zOnN0RXZ0PSJodHRwOi8vbnMuYWRvYmUuY29tL3hhcC8xLjAvc1R5cGUvUmVzb3VyY2VFdmVudCMiCiAgICAgICAgICAgIHhtbG5zOmRjPSJodHRwOi8vcHVybC5vcmcvZGMvZWxlbWVudHMvMS4xLyIKICAgICAgICAgICAgeG1sbnM6cGhvdG9zaG9wPSJodHRwOi8vbnMuYWRvYmUuY29tL3Bob3Rvc2hvcC8xLjAvIgogICAgICAgICAgICB4bWxuczp0aWZmPSJodHRwOi8vbnMuYWRvYmUuY29tL3RpZmYvMS4wLyIKICAgICAgICAgICAgeG1sbnM6ZXhpZj0iaHR0cDovL25zLmFkb2JlLmNvbS9leGlmLzEuMC8iPgogICAgICAgICA8eG1wOkNyZWF0b3JUb29sPkFkb2JlIFBob3Rvc2hvcCBDQyAyMDE1IChNYWNpbnRvc2gpPC94bXA6Q3JlYXRvclRvb2w+CiAgICAgICAgIDx4bXA6Q3JlYXRlRGF0ZT4yMDE2LTAzLTA0VDE1OjQyOjUwKzA4OjAwPC94bXA6Q3JlYXRlRGF0ZT4KICAgICAgICAgPHhtcDpNZXRhZGF0YURhdGU+MjAxNi0wMy0wNFQxNTo0Mjo1MCswODowMDwveG1wOk1ldGFkYXRhRGF0ZT4KICAgICAgICAgPHhtcDpNb2RpZnlEYXRlPjIwMTYtMDMtMDRUMTU6NDI6NTArMDg6MDA8L3htcDpNb2RpZnlEYXRlPgogICAgICAgICA8eG1wTU06SW5zdGFuY2VJRD54bXAuaWlkOjI4OWU1NWQxLWE0OTktNDZlNi1iNjBlLTlmNmExNThmODA1NzwveG1wTU06SW5zdGFuY2VJRD4KICAgICAgICAgPHhtcE1NOkRvY3VtZW50SUQ+YWRvYmU6ZG9jaWQ6cGhvdG9zaG9wOjZlN2JmOTVjLTIyNjItMTE3OS05YzY5LWZiNDEyODhkNzViNzwveG1wTU06RG9jdW1lbnRJRD4KICAgICAgICAgPHhtcE1NOk9yaWdpbmFsRG9jdW1lbnRJRD54bXAuZGlkOjgwOTNjODY5LTBlYjctNGI3Zi1iMTczLWZhNDJjM2Y5NjkzMjwveG1wTU06T3JpZ2luYWxEb2N1bWVudElEPgogICAgICAgICA8eG1wTU06SGlzdG9yeT4KICAgICAgICAgICAgPHJkZjpTZXE+CiAgICAgICAgICAgICAgIDxyZGY6bGkgcmRmOnBhcnNlVHlwZT0iUmVzb3VyY2UiPgogICAgICAgICAgICAgICAgICA8c3RFdnQ6YWN0aW9uPmNyZWF0ZWQ8L3N0RXZ0OmFjdGlvbj4KICAgICAgICAgICAgICAgICAgPHN0RXZ0Omluc3RhbmNlSUQ+eG1wLmlpZDo4MDkzYzg2OS0wZWI3LTRiN2YtYjE3My1mYTQyYzNmOTY5MzI8L3N0RXZ0Omluc3RhbmNlSUQ+CiAgICAgICAgICAgICAgICAgIDxzdEV2dDp3aGVuPjIwMTYtMDMtMDRUMTU6NDI6NTArMDg6MDA8L3N0RXZ0OndoZW4+CiAgICAgICAgICAgICAgICAgIDxzdEV2dDpzb2Z0d2FyZUFnZW50PkFkb2JlIFBob3Rvc2hvcCBDQyAyMDE1IChNYWNpbnRvc2gpPC9zdEV2dDpzb2Z0d2FyZUFnZW50PgogICAgICAgICAgICAgICA8L3JkZjpsaT4KICAgICAgICAgICAgICAgPHJkZjpsaSByZGY6cGFyc2VUeXBlPSJSZXNvdXJjZSI+CiAgICAgICAgICAgICAgICAgIDxzdEV2dDphY3Rpb24+c2F2ZWQ8L3N0RXZ0OmFjdGlvbj4KICAgICAgICAgICAgICAgICAgPHN0RXZ0Omluc3RhbmNlSUQ+eG1wLmlpZDoyODllNTVkMS1hNDk5LTQ2ZTYtYjYwZS05ZjZhMTU4ZjgwNTc8L3N0RXZ0Omluc3RhbmNlSUQ+CiAgICAgICAgICAgICAgICAgIDxzdEV2dDp3aGVuPjIwMTYtMDMtMDRUMTU6NDI6NTArMDg6MDA8L3N0RXZ0OndoZW4+CiAgICAgICAgICAgICAgICAgIDxzdEV2dDpzb2Z0d2FyZUFnZW50PkFkb2JlIFBob3Rvc2hvcCBDQyAyMDE1IChNYWNpbnRvc2gpPC9zdEV2dDpzb2Z0d2FyZUFnZW50PgogICAgICAgICAgICAgICAgICA8c3RFdnQ6Y2hhbmdlZD4vPC9zdEV2dDpjaGFuZ2VkPgogICAgICAgICAgICAgICA8L3JkZjpsaT4KICAgICAgICAgICAgPC9yZGY6U2VxPgogICAgICAgICA8L3htcE1NOkhpc3Rvcnk+CiAgICAgICAgIDxkYzpmb3JtYXQ+aW1hZ2UvcG5nPC9kYzpmb3JtYXQ+CiAgICAgICAgIDxwaG90b3Nob3A6Q29sb3JNb2RlPjM8L3Bob3Rvc2hvcDpDb2xvck1vZGU+CiAgICAgICAgIDxwaG90b3Nob3A6SUNDUHJvZmlsZT5EaXNwbGF5PC9waG90b3Nob3A6SUNDUHJvZmlsZT4KICAgICAgICAgPHRpZmY6T3JpZW50YXRpb24+MTwvdGlmZjpPcmllbnRhdGlvbj4KICAgICAgICAgPHRpZmY6WFJlc29sdXRpb24+NzIwMDAwLzEwMDAwPC90aWZmOlhSZXNvbHV0aW9uPgogICAgICAgICA8dGlmZjpZUmVzb2x1dGlvbj43MjAwMDAvMTAwMDA8L3RpZmY6WVJlc29sdXRpb24+CiAgICAgICAgIDx0aWZmOlJlc29sdXRpb25Vbml0PjI8L3RpZmY6UmVzb2x1dGlvblVuaXQ+CiAgICAgICAgIDxleGlmOkNvbG9yU3BhY2U+NjU1MzU8L2V4aWY6Q29sb3JTcGFjZT4KICAgICAgICAgPGV4aWY6UGl4ZWxYRGltZW5zaW9uPjg4PC9leGlmOlBpeGVsWERpbWVuc2lvbj4KICAgICAgICAgPGV4aWY6UGl4ZWxZRGltZW5zaW9uPjg4PC9leGlmOlBpeGVsWURpbWVuc2lvbj4KICAgICAgPC9yZGY6RGVzY3JpcHRpb24+CiAgIDwvcmRmOlJERj4KPC94OnhtcG1ldGE+CiAgICAgICAgICAgICAgICAgICAgICAgICAgICAgICAgICAgICAgICAgICAgICAgICAgICAgICAgICAgICAgICAgICAgICAgICAgICAgICAgICAgICAgICAgICAgICAgICAgICAKICAgICAgICAgICAgICAgICAgICAgICAgICAgICAgICAgICAgICAgICAgICAgICAgICAgICAgICAgICAgICAgICAgICAgICAgICAgICAgICAgICAgICAgICAgICAgICAgICAgIAogICAgICAgICAgICAgICAgICAgICAgICAgICAgICAgICAgICAgICAgICAgICAgICAgICAgICAgICAgICAgICAgICAgICAgICAgICAgICAgICAgICAgICAgICAgICAgICAgICAgCiAgICAgICAgICAgICAgICAgICAgICAgICAgICAgICAgICAgICAgICAgICAgICAgICAgICAgICAgICAgICAgICAgICAgICAgICAgICAgICAgICAgICAgICAgICAgICAgICAgICAKICAgICAgICAgICAgICAgICAgICAgICAgICAgICAgICAgICAgICAgICAgICAgICAgICAgICAgICAgICAgICAgICAgICAgICAgICAgICAgICAgICAgICAgICAgICAgICAgICAgIAogICAgICAgICAgICAgICAgICAgICAgICAgICAgICAgICAgICAgICAgICAgICAgICAgICAgICAgICAgICAgICAgICAgICAgICAgICAgICAgICAgICAgICAgICAgICAgICAgICAgCiAgICAgICAgICAgICAgICAgICAgICAgICAgICAgICAgICAgICAgICAgICAgICAgICAgICAgICAgICAgICAgICAgICAgICAgICAgICAgICAgICAgICAgICAgICAgICAgICAgICAKICAgICAgICAgICAgICAgICAgICAgICAgICAgICAgICAgICAgICAgICAgICAgICAgICAgICAgICAgICAgICAgICAgICAgICAgICAgICAgICAgICAgICAgICAgICAgICAgICAgIAogICAgICAgICAgICAgICAgICAgICAgICAgICAgICAgICAgICAgICAgICAgICAgICAgICAgICAgICAgICAgICAgICAgICAgICAgICAgICAgICAgICAgICAgICAgICAgICAgICAgCiAgICAgICAgICAgICAgICAgICAgICAgICAgICAgICAgICAgICAgICAgICAgICAgICAgICAgICAgICAgICAgICAgICAgICAgICAgICAgICAgICAgICAgICAgICAgICAgICAgICAKICAgICAgICAgICAgICAgICAgICAgICAgICAgICAgICAgICAgICAgICAgICAgICAgICAgICAgICAgICAgICAgICAgICAgICAgICAgICAgICAgICAgICAgICAgICAgICAgICAgIAogICAgICAgICAgICAgICAgICAgICAgICAgICAgICAgICAgICAgICAgICAgICAgICAgICAgICAgICAgICAgICAgICAgICAgICAgICAgICAgICAgICAgICAgICAgICAgICAgICAgCiAgICAgICAgICAgICAgICAgICAgICAgICAgICAgICAgICAgICAgICAgICAgICAgICAgICAgICAgICAgICAgICAgICAgICAgICAgICAgICAgICAgICAgICAgICAgICAgICAgICAKICAgICAgICAgICAgICAgICAgICAgICAgICAgICAgICAgICAgICAgICAgICAgICAgICAgICAgICAgICAgICAgICAgICAgICAgICAgICAgICAgICAgICAgICAgICAgICAgICAgIAogICAgICAgICAgICAgICAgICAgICAgICAgICAgICAgICAgICAgICAgICAgICAgICAgICAgICAgICAgICAgICAgICAgICAgICAgICAgICAgICAgICAgICAgICAgICAgICAgICAgCiAgICAgICAgICAgICAgICAgICAgICAgICAgICAgICAgICAgICAgICAgICAgICAgICAgICAgICAgICAgICAgICAgICAgICAgICAgICAgICAgICAgICAgICAgICAgICAgICAgICAKICAgICAgICAgICAgICAgICAgICAgICAgICAgICAgICAgICAgICAgICAgICAgICAgICAgICAgICAgICAgICAgICAgICAgICAgICAgICAgICAgICAgICAgICAgICAgICAgICAgIAogICAgICAgICAgICAgICAgICAgICAgICAgICAgICAgICAgICAgICAgICAgICAgICAgICAgICAgICAgICAgICAgICAgICAgICAgICAgICAgICAgICAgICAgICAgICAgICAgICAgCiAgICAgICAgICAgICAgICAgICAgICAgICAgICAgICAgICAgICAgICAgICAgICAgICAgICAgICAgICAgICAgICAgICAgICAgICAgICAgICAgICAgICAgICAgICAgICAgICAgICAKICAgICAgICAgICAgICAgICAgICAgICAgICAgICAgICAgICAgICAgICAgICAgICAgICAgICAgICAgICAgICAgICAgICAgICAgICAgICAgICAgICAgICAgICAgICAgICAgICAgIAogICAgICAgICAgICAgICAgICAgICAgICAgICAgICAgICAgICAgICAgICAgICAgICAgICAgICAgICAgICAgICAgICAgICAgICAgICAgICAgICAgICAgICAgICAgICAgICAgICAgCiAgICAgICAgICAgICAgICAgICAgICAgICAgICAgICAgICAgICAgICAgICAgICAgICAgICAgICAgICAgICAgICAgICAgICAgICAgICAgICAgICAgICAgICAgICAgICAgICAgICAKICAgICAgICAgICAgICAgICAgICAgICAgICAgICAgICAgICAgICAgICAgICAgICAgICAgICAgICAgICAgICAgICAgICAgICAgICAgICAgICAgICAgICAgICAgICAgICAgICAgIAogICAgICAgICAgICAgICAgICAgICAgICAgICAgICAgICAgICAgICAgICAgICAgICAgICAgICAgICAgICAgICAgICAgICAgICAgICAgICAgICAgICAgICAgICAgICAgICAgICAgCiAgICAgICAgICAgICAgICAgICAgICAgICAgICAgICAgICAgICAgICAgICAgICAgICAgICAgICAgICAgICAgICAgICAgICAgICAgICAgICAgICAgICAgICAgICAgICAgICAgICAKICAgICAgICAgICAgICAgICAgICAgICAgICAgICAgICAgICAgICAgICAgICAgICAgICAgICAgICAgICAgICAgICAgICAgICAgICAgICAgICAgICAgICAgICAgICAgICAgICAgIAogICAgICAgICAgICAgICAgICAgICAgICAgICAgICAgICAgICAgICAgICAgICAgICAgICAgICAgICAgICAgICAgICAgICAgICAgICAgICAgICAgICAgICAgICAgICAgICAgICAgCiAgICAgICAgICAgICAgICAgICAgICAgICAgICAgICAgICAgICAgICAgICAgICAgICAgICAgICAgICAgICAgICAgICAgICAgICAgICAgICAgICAgICAgICAgICAgICAgICAgICAKICAgICAgICAgICAgICAgICAgICAgICAgICAgICAgICAgICAgICAgICAgICAgICAgICAgICAgICAgICAgICAgICAgICAgICAgICAgICAgICAgICAgICAgICAgICAgICAgICAgIAogICAgICAgICAgICAgICAgICAgICAgICAgICAgICAgICAgICAgICAgICAgICAgICAgICAgICAgICAgICAgICAgICAgICAgICAgICAgICAgICAgICAgICAgICAgICAgICAgICAgCiAgICAgICAgICAgICAgICAgICAgICAgICAgICAgICAgICAgICAgICAgICAgICAgICAgICAgICAgICAgICAgICAgICAgICAgICAgICAgICAgICAgICAgICAgICAgICAgICAgICAKICAgICAgICAgICAgICAgICAgICAgICAgICAgICAgICAgICAgICAgICAgICAgICAgICAgICAgICAgICAgICAgICAgICAgICAgICAgICAgICAgICAgICAgICAgICAgICAgICAgIAogICAgICAgICAgICAgICAgICAgICAgICAgICAgICAgICAgICAgICAgICAgICAgICAgICAgICAgICAgICAgICAgICAgICAgICAgICAgICAgICAgICAgICAgICAgICAgICAgICAgCiAgICAgICAgICAgICAgICAgICAgICAgICAgICAgICAgICAgICAgICAgICAgICAgICAgICAgICAgICAgICAgICAgICAgICAgICAgICAgICAgICAgICAgICAgICAgICAgICAgICAKICAgICAgICAgICAgICAgICAgICAgICAgICAgICAgICAgICAgICAgICAgICAgICAgICAgICAgICAgICAgICAgICAgICAgICAgICAgICAgICAgICAgICAgICAgICAgICAgICAgIAogICAgICAgICAgICAgICAgICAgICAgICAgICAgICAgICAgICAgICAgICAgICAgICAgICAgICAgICAgICAgICAgICAgICAgICAgICAgICAgICAgICAgICAgICAgICAgICAgICAgCiAgICAgICAgICAgICAgICAgICAgICAgICAgICAgICAgICAgICAgICAgICAgICAgICAgICAgICAgICAgICAgICAgICAgICAgICAgICAgICAgICAgICAgICAgICAgICAgICAgICAKICAgICAgICAgICAgICAgICAgICAgICAgICAgICAgICAgICAgICAgICAgICAgICAgICAgICAgICAgICAgICAgICAgICAgICAgICAgICAgICAgICAgICAgICAgICAgICAgICAgIAogICAgICAgICAgICAgICAgICAgICAgICAgICAgICAgICAgICAgICAgICAgICAgICAgICAgICAgICAgICAgICAgICAgICAgICAgICAgICAgICAgICAgICAgICAgICAgICAgICAgCiAgICAgICAgICAgICAgICAgICAgICAgICAgICAgICAgICAgICAgICAgICAgICAgICAgICAgICAgICAgICAgICAgICAgICAgICAgICAgICAgICAgICAgICAgICAgICAgICAgICAKICAgICAgICAgICAgICAgICAgICAgICAgICAgICAgICAgICAgICAgICAgICAgICAgICAgICAgICAgICAgICAgICAgICAgICAgICAgICAgICAgICAgICAgICAgICAgICAgICAgIAogICAgICAgICAgICAgICAgICAgICAgICAgICAgICAgICAgICAgICAgICAgICAgICAgICAgICAgICAgICAgICAgICAgICAgICAgICAgICAgICAgICAgICAgICAgICAgICAgICAgCiAgICAgICAgICAgICAgICAgICAgICAgICAgICAgICAgICAgICAgICAgICAgICAgICAgICAgICAgICAgICAgICAgICAgICAgICAgICAgICAgICAgICAgICAgICAgICAgICAgICAKICAgICAgICAgICAgICAgICAgICAgICAgICAgICAgICAgICAgICAgICAgICAgICAgICAgICAgICAgICAgICAgICAgICAgICAgICAgICAgICAgICAgICAgICAgICAgICAgICAgIAogICAgICAgICAgICAgICAgICAgICAgICAgICAgICAgICAgICAgICAgICAgICAgICAgICAgICAgICAgICAgICAgICAgICAgICAgICAgICAgICAgICAgICAgICAgICAgICAgICAgCiAgICAgICAgICAgICAgICAgICAgICAgICAgICAgICAgICAgICAgICAgICAgICAgICAgICAgICAgICAgICAgICAgICAgICAgICAgICAgICAgICAgICAgICAgICAgICAgICAgICAKICAgICAgICAgICAgICAgICAgICAgICAgICAgICAgICAgICAgICAgICAgICAgICAgICAgICAgICAgICAgICAgICAgICAgICAgICAgICAgICAgICAgICAgICAgICAgICAgICAgIAogICAgICAgICAgICAgICAgICAgICAgICAgICAgICAgICAgICAgICAgICAgICAgICAgICAgICAgICAgICAgICAgICAgICAgICAgICAgICAgICAgICAgICAgICAgICAgICAgICAgCiAgICAgICAgICAgICAgICAgICAgICAgICAgICAgICAgICAgICAgICAgICAgICAgICAgICAgICAgICAgICAgICAgICAgICAgICAgICAgICAgICAgICAgICAgICAgICAgICAgICAKICAgICAgICAgICAgICAgICAgICAgICAgICAgICAgICAgICAgICAgICAgICAgICAgICAgICAgICAgICAgICAgICAgICAgICAgICAgICAgICAgICAgICAgICAgICAgICAgICAgIAogICAgICAgICAgICAgICAgICAgICAgICAgICAgICAgICAgICAgICAgICAgICAgICAgICAgICAgICAgICAgICAgICAgICAgICAgICAgICAgICAgICAgICAgICAgICAgICAgICAgCiAgICAgICAgICAgICAgICAgICAgICAgICAgICAgICAgICAgICAgICAgICAgICAgICAgICAgICAgICAgICAgICAgICAgICAgICAgICAgICAgICAgICAgICAgICAgICAgICAgICAKICAgICAgICAgICAgICAgICAgICAgICAgICAgICAgICAgICAgICAgICAgICAgICAgICAgICAgICAgICAgICAgICAgICAgICAgICAgICAgICAgICAgICAgICAgICAgICAgICAgIAogICAgICAgICAgICAgICAgICAgICAgICAgICAgICAgICAgICAgICAgICAgICAgICAgICAgICAgICAgICAgICAgICAgICAgICAgICAgICAgICAgICAgICAgICAgICAgICAgICAgCiAgICAgICAgICAgICAgICAgICAgICAgICAgICAgICAgICAgICAgICAgICAgICAgICAgICAgICAgICAgICAgICAgICAgICAgICAgICAgICAgICAgICAgICAgICAgICAgICAgICAKICAgICAgICAgICAgICAgICAgICAgICAgICAgICAgICAgICAgICAgICAgICAgICAgICAgICAgICAgICAgICAgICAgICAgICAgICAgICAgICAgICAgICAgICAgICAgICAgICAgIAogICAgICAgICAgICAgICAgICAgICAgICAgICAgICAgICAgICAgICAgICAgICAgICAgICAgICAgICAgICAgICAgICAgICAgICAgICAgICAgICAgICAgICAgICAgICAgICAgICAgCiAgICAgICAgICAgICAgICAgICAgICAgICAgICAgICAgICAgICAgICAgICAgICAgICAgICAgICAgICAgICAgICAgICAgICAgICAgICAgICAgICAgICAgICAgICAgICAgICAgICAKICAgICAgICAgICAgICAgICAgICAgICAgICAgICAgICAgICAgICAgICAgICAgICAgICAgICAgICAgICAgICAgICAgICAgICAgICAgICAgICAgICAgICAgICAgICAgICAgICAgIAogICAgICAgICAgICAgICAgICAgICAgICAgICAgICAgICAgICAgICAgICAgICAgICAgICAgICAgICAgICAgICAgICAgICAgICAgICAgICAgICAgICAgICAgICAgICAgICAgICAgCiAgICAgICAgICAgICAgICAgICAgICAgICAgICAgICAgICAgICAgICAgICAgICAgICAgICAgICAgICAgICAgICAgICAgICAgICAgICAgICAgICAgICAgICAgICAgICAgICAgICAKICAgICAgICAgICAgICAgICAgICAgICAgICAgICAgICAgICAgICAgICAgICAgICAgICAgICAgICAgICAgICAgICAgICAgICAgICAgICAgICAgICAgICAgICAgICAgICAgICAgIAogICAgICAgICAgICAgICAgICAgICAgICAgICAgICAgICAgICAgICAgICAgICAgICAgICAgICAgICAgICAgICAgICAgICAgICAgICAgICAgICAgICAgICAgICAgICAgICAgICAgCiAgICAgICAgICAgICAgICAgICAgICAgICAgICAgICAgICAgICAgICAgICAgICAgICAgICAgICAgICAgICAgICAgICAgICAgICAgICAgICAgICAgICAgICAgICAgICAgICAgICAKICAgICAgICAgICAgICAgICAgICAgICAgICAgICAgICAgICAgICAgICAgICAgICAgICAgICAgICAgICAgICAgICAgICAgICAgICAgICAgICAgICAgICAgICAgICAgICAgICAgIAogICAgICAgICAgICAgICAgICAgICAgICAgICAgICAgICAgICAgICAgICAgICAgICAgICAgICAgICAgICAgICAgICAgICAgICAgICAgICAgICAgICAgICAgICAgICAgICAgICAgCiAgICAgICAgICAgICAgICAgICAgICAgICAgICAgICAgICAgICAgICAgICAgICAgICAgICAgICAgICAgICAgICAgICAgICAgICAgICAgICAgICAgICAgICAgICAgICAgICAgICAKICAgICAgICAgICAgICAgICAgICAgICAgICAgICAgICAgICAgICAgICAgICAgICAgICAgICAgICAgICAgICAgICAgICAgICAgICAgICAgICAgICAgICAgICAgICAgICAgICAgIAogICAgICAgICAgICAgICAgICAgICAgICAgICAgICAgICAgICAgICAgICAgICAgICAgICAgICAgICAgICAgICAgICAgICAgICAgICAgICAgICAgICAgICAgICAgICAgICAgICAgCiAgICAgICAgICAgICAgICAgICAgICAgICAgICAgICAgICAgICAgICAgICAgICAgICAgICAgICAgICAgICAgICAgICAgICAgICAgICAgICAgICAgICAgICAgICAgICAgICAgICAKICAgICAgICAgICAgICAgICAgICAgICAgICAgICAgICAgICAgICAgICAgICAgICAgICAgICAgICAgICAgICAgICAgICAgICAgICAgICAgICAgICAgICAgICAgICAgICAgICAgIAogICAgICAgICAgICAgICAgICAgICAgICAgICAgICAgICAgICAgICAgICAgICAgICAgICAgICAgICAgICAgICAgICAgICAgICAgICAgICAgICAgICAgICAgICAgICAgICAgICAgCiAgICAgICAgICAgICAgICAgICAgICAgICAgICAgICAgICAgICAgICAgICAgICAgICAgICAgICAgICAgICAgICAgICAgICAgICAgICAgICAgICAgICAgICAgICAgICAgICAgICAKICAgICAgICAgICAgICAgICAgICAgICAgICAgICAgICAgICAgICAgICAgICAgICAgICAgICAgICAgICAgICAgICAgICAgICAgICAgICAgICAgICAgICAgICAgICAgICAgICAgIAogICAgICAgICAgICAgICAgICAgICAgICAgICAgICAgICAgICAgICAgICAgICAgICAgICAgICAgICAgICAgICAgICAgICAgICAgICAgICAgICAgICAgICAgICAgICAgICAgICAgCiAgICAgICAgICAgICAgICAgICAgICAgICAgICAgICAgICAgICAgICAgICAgICAgICAgICAgICAgICAgICAgICAgICAgICAgICAgICAgICAgICAgICAgICAgICAgICAgICAgICAKICAgICAgICAgICAgICAgICAgICAgICAgICAgICAgICAgICAgICAgICAgICAgICAgICAgICAgICAgICAgICAgICAgICAgICAgICAgICAgICAgICAgICAgICAgICAgICAgICAgIAogICAgICAgICAgICAgICAgICAgICAgICAgICAgICAgICAgICAgICAgICAgICAgICAgICAgICAgICAgICAgICAgICAgICAgICAgICAgICAgICAgICAgICAgICAgICAgICAgICAgCiAgICAgICAgICAgICAgICAgICAgICAgICAgICAgICAgICAgICAgICAgICAgICAgICAgICAgICAgICAgICAgICAgICAgICAgICAgICAgICAgICAgICAgICAgICAgICAgICAgICAKICAgICAgICAgICAgICAgICAgICAgICAgICAgICAgICAgICAgICAgICAgICAgICAgICAgICAgICAgICAgICAgICAgICAgICAgICAgICAgICAgICAgICAgICAgICAgICAgICAgIAogICAgICAgICAgICAgICAgICAgICAgICAgICAgICAgICAgICAgICAgICAgICAgICAgICAgICAgICAgICAgICAgICAgICAgICAgICAgICAgICAgICAgICAgICAgICAgICAgICAgCiAgICAgICAgICAgICAgICAgICAgICAgICAgICAgICAgICAgICAgICAgICAgICAgICAgICAgICAgICAgICAgICAgICAgICAgICAgICAgICAgICAgICAgICAgICAgICAgICAgICAKICAgICAgICAgICAgICAgICAgICAgICAgICAgICAgICAgICAgICAgICAgICAgICAgICAgICAgICAgICAgICAgICAgICAgICAgICAgICAgICAgICAgICAgICAgICAgICAgICAgIAogICAgICAgICAgICAgICAgICAgICAgICAgICAgICAgICAgICAgICAgICAgICAgICAgICAgICAgICAgICAgICAgICAgICAgICAgICAgICAgICAgICAgICAgICAgICAgICAgICAgCiAgICAgICAgICAgICAgICAgICAgICAgICAgICAgICAgICAgICAgICAgICAgICAgICAgICAgICAgICAgICAgICAgICAgICAgICAgICAgICAgICAgICAgICAgICAgICAgICAgICAKICAgICAgICAgICAgICAgICAgICAgICAgICAgICAgICAgICAgICAgICAgICAgICAgICAgICAgICAgICAgICAgICAgICAgICAgICAgICAgICAgICAgICAgICAgICAgICAgICAgIAogICAgICAgICAgICAgICAgICAgICAgICAgICAgICAgICAgICAgICAgICAgICAgICAgICAgICAgICAgICAgICAgICAgICAgICAgICAgICAgICAgICAgICAgICAgICAgICAgICAgCiAgICAgICAgICAgICAgICAgICAgICAgICAgICAgICAgICAgICAgICAgICAgICAgICAgICAgICAgICAgICAgICAgICAgICAgICAgICAgICAgICAgICAgICAgICAgICAgICAgICAKICAgICAgICAgICAgICAgICAgICAgICAgICAgICAgICAgICAgICAgICAgICAgICAgICAgICAgICAgICAgICAgICAgICAgICAgICAgICAgICAgICAgICAgICAgICAgICAgICAgIAogICAgICAgICAgICAgICAgICAgICAgICAgICAgICAgICAgICAgICAgICAgICAgICAgICAgICAgICAgICAgICAgICAgICAgICAgICAgICAgICAgICAgICAgICAgICAgICAgICAgCiAgICAgICAgICAgICAgICAgICAgICAgICAgICAgICAgICAgICAgICAgICAgICAgICAgICAgICAgICAgICAgICAgICAgICAgICAgICAgICAgICAgICAgICAgICAgICAgICAgICAKICAgICAgICAgICAgICAgICAgICAgICAgICAgICAgICAgICAgICAgICAgICAgICAgICAgICAgICAgICAgICAgICAgICAgICAgICAgICAgICAgICAgICAgICAgICAgICAgICAgIAogICAgICAgICAgICAgICAgICAgICAgICAgICAgICAgICAgICAgICAgICAgICAgICAgICAgICAgICAgICAgICAgICAgICAgICAgICAgICAgICAgICAgICAgICAgICAgICAgICAgCiAgICAgICAgICAgICAgICAgICAgICAgICAgICAgICAgICAgICAgICAgICAgICAgICAgICAgICAgICAgICAgICAgICAgICAgICAgICAgICAgICAgICAgICAgICAgICAgICAgICAKICAgICAgICAgICAgICAgICAgICAgICAgICAgICAgICAgICAgICAgICAgICAgICAgICAgICAgICAgICAgICAgICAgICAgICAgICAgICAgICAgICAgICAgICAgICAgICAgICAgIAogICAgICAgICAgICAgICAgICAgICAgICAgICAgICAgICAgICAgICAgICAgICAgICAgICAgICAgICAgICAgICAgICAgICAgICAgICAgICAgICAgICAgICAgICAgICAgICAgICAgCiAgICAgICAgICAgICAgICAgICAgICAgICAgICAgICAgICAgICAgICAgICAgICAgICAgICAgICAgICAgICAgICAgICAgICAgICAgICAgICAgICAgICAgICAgICAgICAgICAgICAKICAgICAgICAgICAgICAgICAgICAgICAgICAgICAgICAgICAgICAgICAgICAgICAgICAgICAgICAgICAgICAgICAgICAgICAgICAgICAgICAgICAgICAgICAgICAgICAgICAgIAogICAgICAgICAgICAgICAgICAgICAgICAgICAgICAgICAgICAgICAgICAgICAgICAgICAgICAgICAgICAgICAgICAgICAgICAgICAgICAgICAgICAgICAgICAgICAgICAgICAgCiAgICAgICAgICAgICAgICAgICAgICAgICAgICAgICAgICAgICAgICAgICAgICAgICAgICAgICAgICAgICAgICAgICAgICAgICAgICAgICAgICAgICAgICAgICAgICAgICAgICAKICAgICAgICAgICAgICAgICAgICAgICAgICAgICAgICAgICAgICAgICAgICAgICAgICAgICAgICAgICAgICAgICAgICAgICAgICAgICAgICAgICAgICAgICAgICAgICAgICAgIAogICAgICAgICAgICAgICAgICAgICAgICAgICAgICAgICAgICAgICAgICAgICAgICAgICAgICAgICAgICAgICAgICAgICAgICAgICAgICAgICAgICAgICAgICAgICAgICAgICAgCiAgICAgICAgICAgICAgICAgICAgICAgICAgICAgICAgICAgICAgICAgICAgICAgICAgICAgICAgICAgICAgICAgICAgICAgICAgICAgICAgICAgICAgICAgICAgICAgICAgICAKICAgICAgICAgICAgICAgICAgICAgICAgICAgICAgICAgICAgICAgICAgICAgICAgICAgICAgICAgICAgICAgICAgICAgICAgICAgICAgICAgICAgICAgICAgICAgICAgICAgIAogICAgICAgICAgICAgICAgICAgICAgICAgICAgICAgICAgICAgICAgICAgICAgICAgICAgICAgICAgICAgICAgICAgICAgICAgICAgICAgICAgICAgICAgICAgICAgICAgICAgCiAgICAgICAgICAgICAgICAgICAgICAgICAgICAgICAgICAgICAgICAgICAgICAgICAgICAgICAgICAgICAgICAgICAgICAgICAgICAgICAgICAgICAgICAgICAgICAgICAgICAKICAgICAgICAgICAgICAgICAgICAgICAgICAgICAgICAgICAgICAgICAgICAgICAgICAgICAgICAgICAgICAgICAgICAgICAgICAgICAgICAgICAgICAgICAgICAgICAgICAgIAogICAgICAgICAgICAgICAgICAgICAgICAgICAgICAgICAgICAgICAgICAgICAgICAgICAgICAgICAgICAgICAgICAgICAgICAgICAgICAgICAgICAgICAgICAgICAgICAgICAgCiAgICAgICAgICAgICAgICAgICAgICAgICAgICAgICAgICAgICAgICAgICAgICAgICAgICAgICAgICAgICAgICAgICAgICAgICAgICAgICAgICAgICAgICAgICAgICAgICAgICAKICAgICAgICAgICAgICAgICAgICAgICAgICAgICAgICAgICAgICAgICAgICAgICAgICAgICAgICAgICAgICAgICAgICAgICAgICAgICAgICAgICAgICAgICAgICAgICAgICAgIAogICAgICAgICAgICAgICAgICAgICAgICAgICAgICAgICAgICAgICAgICAgICAgICAgICAgICAgICAgICAgICAgICAgICAgICAgICAgICAgICAgICAgICAgICAgICAgICAgICAgCiAgICAgICAgICAgICAgICAgICAgICAgICAgICAgICAgICAgICAgICAgICAgICAgICAgICAgICAgICAgICAgICAgICAgICAgICAgICAgICAgICAgICAgICAgICAgICAgICAgICAKICAgICAgICAgICAgICAgICAgICAgICAgICAgICAgICAgICAgICAgICAgICAgICAgICAgICAgICAgICAgICAgICAgICAgICAgICAgICAgICAgICAgICAgICAgICAgICAgICAgIAogICAgICAgICAgICAgICAgICAgICAgICAgICAgICAgICAgICAgICAgICAgICAgICAgICAgICAgICAgICAgICAgICAgICAgICAgICAgICAgICAgICAgICAgICAgICAgICAgICAgCiAgICAgICAgICAgICAgICAgICAgICAgICAgICAgICAgICAgICAgICAgICAgICAgICAgICAgICAgICAgICAgICAgICAgICAgICAgICAgICAgICAgICAgICAgICAgICAgICAgICAKICAgICAgICAgICAgICAgICAgICAgICAgICAgICAgICAgICAgICAgICAgICAgICAgICAgICAgICAgICAgICAgICAgICAgICAgICAgICAgICAgICAgICAgICAgICAgICAgICAgIAogICAgICAgICAgICAgICAgICAgICAgICAgICAgICAgICAgICAgICAgICAgICAgICAgICAgICAgICAgICAgICAgICAgICAgICAgICAgICAgICAgICAgICAgICAgICAgICAgICAgCiAgICAgICAgICAgICAgICAgICAgICAgICAgICAgICAgICAgICAgICAgICAgICAgICAgICAgICAgICAgICAgICAgICAgICAgICAgICAgICAgICAgICAgICAgICAgICAgICAgICAKICAgICAgICAgICAgICAgICAgICAgICAgICAgICAgICAgICAgICAgICAgICAgICAgICAgICAgICAgICAgICAgICAgICAgICAgICAgICAgICAgICAgICAgICAgICAgICAgICAgIAogICAgICAgICAgICAgICAgICAgICAgICAgICAgCjw/eHBhY2tldCBlbmQ9InciPz6jhkgjAAAAIGNIUk0AAG2YAABzjgAA+aUAAITIAAB8VwAA+sEAADB2AAARJBeOCnIAAAfVSURBVHja7J15bFRVFMZ/w6ZssgphccMNIouKLC4FFQUxkS2ighq0SLAC4hYEkSK7iBJ2QRAwRNkCKhgpQQGhyqoIoiCggApCCkhZCpSW+sc5kw7TmenbZuZN+76kSTvzzp37vjnv3LPdW9/pGZXxYBglgb5AMlAfOAZ8B8wGvgkl4PMINowywCKgY5j3NwKvAz8EvljC480wxkQgF6AlkA58BFTwCDaHdsCrBq7zAb2ALcDNHsHGUFG10mdCpj6wGqjjEVw43gWutSBXFxjrERwZrYEUG/KdPYLDoyww06RpCMZFj+DwGOFfqGxgtUdwaDQHXrE5Rh4wziM4dEAxW6M2O/gY2OARXBCDgdtsjrHb7zd7BF+OJsAgm2NkAY8DZzyCL0cpfaxL2xznReBXL1QuiDeApjbHmAnMC3zBIzg/tB1qc4xtwMvBL3oECwezgCttjJGpdve8R3BB9APutenvPgf8Ge7bK864ARhpc4zxwBeRHo/iCp8uShVsjJFemFtXnAlOBtrYkM8AngIuegQXRB3gAxvyucDTwCEjK2hxxIdAJRvyw4FVRl2U4obuwGM25FcCo8z4gMUJNYCJNuT/Bp5VE+ERHAKTgOoWZbN1UcswG8UUF3QGnrQhP5CgphKP4HxUAabYkF8CTLAahxcHjAdqW5TdB/TUkNgjOATaAj0syp4DuiLJHDyCC6IC9krv/YCf7UygqBNstSsHYC5S4cAjODSSgJcsyv4C9HFiEkWV4LKqfVZMwym1u1keweExDOtdOb2A352aSFEk+E7gNYuyk5EudjyCw9/PVKx15WxCKsuOolSCEFcaqAXkAIcjXJeMtPKbxXENo7Oj8Y27GSWBVCTBchBJcP8DjKZg0qaaumVmkYdkyA5G65FyMybrghWYHK+D1MH2Av0DnsJstZ9mQ9rRwIpo3YCbt3ElAesMXLcd2buWrn+30ujtFgOya4CHMZHfLUoabDRIaKJfxFygpv7eRDUzJ4Lcv0C3aJLrdoLNVHx9SEJnt+YPcpA21GbATyGuz9VF7Wgs3Bo3ogZwtQW5ykjVYjNwD5KoaYEky88FXDcYWB+LG4m1Da6txGWpu3U2zHXXAfuxtwElD+k5GwicUJs8E0k9dsRifteNGtwGmKM275Bq1R6N+X8DxgENg2QOIm38tpQnIOztoV7H/Woa8mKlUdHU4OZIBbelQW37HBiipANchexkv92h+axDmqN3xTq0jEZ0OAz43kRU5QO6qHa/jyTKT6nLNRm45MC8Wun4o5BsW0ISXAfZo5tqMQwvjRwJsAdpEDmDNDW3AH50YH5lgLeAnUD7RCO4LdLlneTAWLWATzUQaARsVZL7q2bbRT3ga/2Mam4nuDRylsIKi65VJLRWP3YCUF5dsAbAYofG745UL250K8ENkJM+BkbRIymlmrsLqTQcBp4AHiVMV7mFp2WQ2wj2ITWrrUiCO1Y+9CIgDbhJn5iGSIf6BZtjn3UTwY3UfZoClItDlNcO2KEL6SV17RoCX1ocLweYHiuCa2pg0CjIC6iuDvoyJHuVRHxRVl3BHcADSPdNJ/UMdpscKzWavrE/0HhI7Vx78sst2RpWlo+TppoJiecg5Z7/1BXrh+x7q1iI7CrgEYf87LAEb9KoK9FxVJVkYcDiNVrD5FA5ja2qWJnRnFSJIkKu37wtAJYD12ju43kkq7YmyObOUNOSGe1J+U7PqLwU6Z0tSjitrte0gMTO9Ur8bkw2UdvV4DcpZCuSjUd2eJwIrqhezmqN2gAOIDngjFhOpASSxpvm8LifAY1xLhNmFferp9GPOBUX/B86AjjpwHiHgQ7IHrJ39Pd4wx9ir4lmSFwYwcexfwjQHOQoluVqGlJwF1qpNveMB8EAnwS4OGbwl/qSyfoUpGh05UaUQ8pGbeNBMEBvJLtk1MGfrlHfSn2tA5IgdzN8mNhI6DTBmfrtbilEbqP6lynk52dbAPOxfxxWLHAXcGs8CAY4Atyn7tuBIPIXIZ0wdyvJgQmgFS4PqYPROBYfEq6skw28pz9VkeNWjoSJ2esi1YEqCRaMVI0nwYE4EeG9Skpu3QSM9vbHy0QYRRlgqZqHRMNJYK2bCS6J1MUeTNBcxRKi0GztJMGTXRKlWcWseLlpRnAH8EICk7sxyANyHcHb1Af+I0EJHhOvUNkM/NXkBVGaVy6SgLrg8LjrNVfieoLRCK4b0sGY5eCc/CeLfAtc4eC4l5CEVl6iEBy4YDRH+r2cILerrvLjHL7XiYTudnc9wSDn5TZH/qGHVZxDGqOXqQY3c/A+dyJNfyQqwX6CeiNtTWaLieeRumCamoXRDs4rS03Z+UQn2I/F6sptNmEWOpGf8uyLFCidQB5SWd5JnBCtOtV+JCM3rpBFJRfpW/CTWxXZoOIUBuDw5m63EAxSqR6AdEFmhNGuvkGu3tsYy8oZ8VqGIt3yFFWC/UhDcq8LyE93nkRqY4FNd/UwtvlwKlKmioRU4tcycBlivY2rOpLa3EvBltGFukBGwiikn2xtBJPTB+nccQVifZzBMf0JRlP1fyNhCNILPD/M+5nAM8BXborL3bLTczswltB7i/3u30hkB2iXMH5uM7eRGw8NDoccpJdsnj7i/v7jdOTUvn36dzKS6PfjgJqDSQ6H6wlrg+0+bWnIgRzpwAZivKnQCv4fAOuImF6JVNZIAAAAAElFTkSuQmCC\" style=\"width: 88px;\"> </p>',0,'2016-03-16 15:11:04',7,'6e29fefe1b9d49549e169c457aa4718b');
/*!40000 ALTER TABLE `t_news` ENABLE KEYS */;
UNLOCK TABLES;

--
-- Table structure for table `t_order`
--

DROP TABLE IF EXISTS `t_order`;
/*!40101 SET @saved_cs_client     = @@character_set_client */;
/*!40101 SET character_set_client = utf8 */;
CREATE TABLE `t_order` (
  `id` int(11) NOT NULL AUTO_INCREMENT,
  `order_no` varchar(45) DEFAULT NULL,
  `customer_id` int(11) DEFAULT NULL,
  `address_id` int(11) DEFAULT NULL,
  `create_time` timestamp NULL DEFAULT NULL,
  `baojie_type` int(11) DEFAULT NULL,
  `ayi_id` int(11) DEFAULT NULL,
  PRIMARY KEY (`id`),
  KEY `pk_order_ayiid_idx` (`ayi_id`),
  KEY `pk_order_customerid_idx` (`customer_id`),
  KEY `pk_order_addressid_idx` (`address_id`),
  CONSTRAINT `pk_order_addressid` FOREIGN KEY (`address_id`) REFERENCES `t_address` (`id`) ON DELETE NO ACTION ON UPDATE NO ACTION,
  CONSTRAINT `pk_order_ayiid` FOREIGN KEY (`ayi_id`) REFERENCES `t_ayi` (`id`) ON DELETE NO ACTION ON UPDATE NO ACTION,
  CONSTRAINT `pk_order_customerid` FOREIGN KEY (`customer_id`) REFERENCES `t_customer` (`id`) ON DELETE NO ACTION ON UPDATE NO ACTION
) ENGINE=InnoDB DEFAULT CHARSET=utf8;
/*!40101 SET character_set_client = @saved_cs_client */;

--
-- Dumping data for table `t_order`
--

LOCK TABLES `t_order` WRITE;
/*!40000 ALTER TABLE `t_order` DISABLE KEYS */;
/*!40000 ALTER TABLE `t_order` ENABLE KEYS */;
UNLOCK TABLES;

--
-- Table structure for table `t_permission`
--

DROP TABLE IF EXISTS `t_permission`;
/*!40101 SET @saved_cs_client     = @@character_set_client */;
/*!40101 SET character_set_client = utf8 */;
CREATE TABLE `t_permission` (
  `role_id` int(11) NOT NULL,
  `function_id` int(11) NOT NULL,
  PRIMARY KEY (`role_id`,`function_id`),
  KEY `pk_permission_functionid_idx` (`function_id`),
  CONSTRAINT `pk_permission_functionid` FOREIGN KEY (`function_id`) REFERENCES `t_function` (`id`) ON DELETE NO ACTION ON UPDATE NO ACTION,
  CONSTRAINT `pk_permission_roleid` FOREIGN KEY (`role_id`) REFERENCES `t_role` (`id`) ON DELETE NO ACTION ON UPDATE NO ACTION
) ENGINE=InnoDB DEFAULT CHARSET=utf8;
/*!40101 SET character_set_client = @saved_cs_client */;

--
-- Dumping data for table `t_permission`
--

LOCK TABLES `t_permission` WRITE;
/*!40000 ALTER TABLE `t_permission` DISABLE KEYS */;
INSERT INTO `t_permission` VALUES (1,1),(1,2),(1,3),(1,4),(1,5),(1,6),(1,7),(1,8),(1,9),(1,10),(1,11),(1,12),(1,13),(1,14),(1,15),(1,16),(1,17),(1,18),(1,19),(1,20);
/*!40000 ALTER TABLE `t_permission` ENABLE KEYS */;
UNLOCK TABLES;

--
-- Table structure for table `t_role`
--

DROP TABLE IF EXISTS `t_role`;
/*!40101 SET @saved_cs_client     = @@character_set_client */;
/*!40101 SET character_set_client = utf8 */;
CREATE TABLE `t_role` (
  `id` int(11) NOT NULL AUTO_INCREMENT,
  `name` varchar(45) NOT NULL,
  `description` varchar(225) DEFAULT NULL,
  PRIMARY KEY (`id`),
  UNIQUE KEY `name_UNIQUE` (`name`)
) ENGINE=InnoDB AUTO_INCREMENT=2 DEFAULT CHARSET=utf8;
/*!40101 SET character_set_client = @saved_cs_client */;

--
-- Dumping data for table `t_role`
--

LOCK TABLES `t_role` WRITE;
/*!40000 ALTER TABLE `t_role` DISABLE KEYS */;
INSERT INTO `t_role` VALUES (1,'超级管理员','超级管理员');
/*!40000 ALTER TABLE `t_role` ENABLE KEYS */;
UNLOCK TABLES;

--
-- Table structure for table `t_system_config`
--

DROP TABLE IF EXISTS `t_system_config`;
/*!40101 SET @saved_cs_client     = @@character_set_client */;
/*!40101 SET character_set_client = utf8 */;
CREATE TABLE `t_system_config` (
  `id` int(11) NOT NULL AUTO_INCREMENT,
  `recruitment_url` varchar(225) DEFAULT NULL,
  PRIMARY KEY (`id`)
) ENGINE=InnoDB AUTO_INCREMENT=2 DEFAULT CHARSET=utf8;
/*!40101 SET character_set_client = @saved_cs_client */;

--
-- Dumping data for table `t_system_config`
--

LOCK TABLES `t_system_config` WRITE;
/*!40000 ALTER TABLE `t_system_config` DISABLE KEYS */;
INSERT INTO `t_system_config` VALUES (1,'');
/*!40000 ALTER TABLE `t_system_config` ENABLE KEYS */;
UNLOCK TABLES;

--
-- Table structure for table `t_unit`
--

DROP TABLE IF EXISTS `t_unit`;
/*!40101 SET @saved_cs_client     = @@character_set_client */;
/*!40101 SET character_set_client = utf8 */;
CREATE TABLE `t_unit` (
  `id` int(11) NOT NULL AUTO_INCREMENT,
  `price` double DEFAULT NULL,
  `name` varchar(45) DEFAULT NULL,
  PRIMARY KEY (`id`)
) ENGINE=InnoDB DEFAULT CHARSET=utf8;
/*!40101 SET character_set_client = @saved_cs_client */;

--
-- Dumping data for table `t_unit`
--

LOCK TABLES `t_unit` WRITE;
/*!40000 ALTER TABLE `t_unit` DISABLE KEYS */;
/*!40000 ALTER TABLE `t_unit` ENABLE KEYS */;
UNLOCK TABLES;

--
-- Table structure for table `t_user`
--

DROP TABLE IF EXISTS `t_user`;
/*!40101 SET @saved_cs_client     = @@character_set_client */;
/*!40101 SET character_set_client = utf8 */;
CREATE TABLE `t_user` (
  `id` int(11) NOT NULL AUTO_INCREMENT,
  `username` varchar(45) DEFAULT NULL,
  `password` varchar(45) DEFAULT NULL,
  `status` tinyint(4) NOT NULL,
  `email` varchar(45) DEFAULT NULL,
  `phone` varchar(45) DEFAULT NULL,
  `createTime` timestamp NULL DEFAULT NULL,
  PRIMARY KEY (`id`),
  UNIQUE KEY `username_UNIQUE` (`username`)
) ENGINE=InnoDB AUTO_INCREMENT=9 DEFAULT CHARSET=utf8;
/*!40101 SET character_set_client = @saved_cs_client */;

--
-- Dumping data for table `t_user`
--

LOCK TABLES `t_user` WRITE;
/*!40000 ALTER TABLE `t_user` DISABLE KEYS */;
INSERT INTO `t_user` VALUES (7,'admin','admin',0,'519034857@qq.com','15828059647',NULL),(8,'asas','asas',0,'519034857@qq.com','15828059647','2016-03-03 15:20:43');
/*!40000 ALTER TABLE `t_user` ENABLE KEYS */;
UNLOCK TABLES;

--
-- Table structure for table `t_user_role`
--

DROP TABLE IF EXISTS `t_user_role`;
/*!40101 SET @saved_cs_client     = @@character_set_client */;
/*!40101 SET character_set_client = utf8 */;
CREATE TABLE `t_user_role` (
  `role_id` int(11) NOT NULL,
  `user_id` int(11) NOT NULL,
  PRIMARY KEY (`role_id`,`user_id`),
  KEY `pk_userid_userid_idx` (`user_id`),
  CONSTRAINT `pk_roleid_roleid` FOREIGN KEY (`role_id`) REFERENCES `t_role` (`id`) ON DELETE NO ACTION ON UPDATE NO ACTION,
  CONSTRAINT `pk_userid_userid` FOREIGN KEY (`user_id`) REFERENCES `t_user` (`id`) ON DELETE NO ACTION ON UPDATE NO ACTION
) ENGINE=InnoDB DEFAULT CHARSET=utf8;
/*!40101 SET character_set_client = @saved_cs_client */;

--
-- Dumping data for table `t_user_role`
--

LOCK TABLES `t_user_role` WRITE;
/*!40000 ALTER TABLE `t_user_role` DISABLE KEYS */;
INSERT INTO `t_user_role` VALUES (1,7);
/*!40000 ALTER TABLE `t_user_role` ENABLE KEYS */;
UNLOCK TABLES;
/*!40103 SET TIME_ZONE=@OLD_TIME_ZONE */;

/*!40101 SET SQL_MODE=@OLD_SQL_MODE */;
/*!40014 SET FOREIGN_KEY_CHECKS=@OLD_FOREIGN_KEY_CHECKS */;
/*!40014 SET UNIQUE_CHECKS=@OLD_UNIQUE_CHECKS */;
/*!40101 SET CHARACTER_SET_CLIENT=@OLD_CHARACTER_SET_CLIENT */;
/*!40101 SET CHARACTER_SET_RESULTS=@OLD_CHARACTER_SET_RESULTS */;
/*!40101 SET COLLATION_CONNECTION=@OLD_COLLATION_CONNECTION */;
/*!40111 SET SQL_NOTES=@OLD_SQL_NOTES */;

-- Dump completed on 2016-04-07 21:20:10
